{
	"mesh": {
		"File": "cases/2d_hilltop/2d_hilltop_fs.msh",
		"BC": {
			"number": 2,
			"boundary1": {
				"name": "abs",
				"type": "Absorbing"
			},
			"boundary2": {
				"name": "ref",
				"type": "Reflecting"
			}
		}
	},
	"solver": {
		"time": {
			"start": 0.0,
			"end": 1.0,
			"step": 1e-03,
			"rate": 0.1
		},
		"elementType": "Lagrange",
		"timeIntMethod": "Runge-Kutta",
		"numThreads": 20
	},
	"initialization": {
		"meanFlow": {
			"vx": 0.0,
			"vy": 0.0,
			"vz": 0.0,
			"rho": 1.225,
			"c": 340.0
		},
		"number": 1,
		"initialCondition1": {
			"type": "gaussian",
			"x": 0.0,
			"y": 200.0,
			"z": 0.0,
			"size": 2000.0,
			"amplitude": 1.0
		}
	},
	"observers": {
		"number": 1,
		"observer1": {
			"x": 500.0,
			"y": 2.0,
			"z": 0.0,
			"size": 10.0
		}
	},
	"sources": {
		"number": 0,
		"source1": {
			"type": "formula",
			"fct": "0.1 * sin(2 * pi * 50 * t)",
			"x": 0.0,
			"y": 200.0,
			"z": 0.0,
			"size": 0.1,
			"amplitude": 0.0,
			"frequency": 0.0,
			"phase": 0.0,
			"duration": 0.05
		}
	}
}
